video_code,title,description,primary_trigger_code,primary_therapy_area,is_published,video_search_keywords
VID_AD_ALLERGY_ACUTE_URTICARIA_01,Sudden hives & allergy: home care,"Explains hives, common triggers, use of antihistamine and when child can stay at home.",AD_ALLERGY_ACUTE_URTICARIA,Skin & allergy,False,hives|urticaria|allergy rash|itchy red bumps|antihistamine syrup|food or medicine allergy
VID_AD_ALLERGY_ACUTE_URTICARIA_02,Acute allergy: breathing or facial swelling – emergency signs,"Shows parents which symptoms like breathing difficulty, voice change or swelling of lips/tongue need immediate ER visit.",AD_ALLERGY_ACUTE_URTICARIA,Skin & allergy,False,acute allergy emergency|anaphylaxis signs|lip swelling|breathing trouble|voice change|rush to hospital
VID_AD_ASTHMA_ACUTE_WHEEZE_01,Acute wheezing episode: using nebuliser or inhaler,Demonstrates correct nebuliser / inhaler + spacer use during an attack and how often to repeat as advised.,AD_ASTHMA_ACUTE_WHEEZE,Breathing & chest problems,False,wheeze attack|nebuliser use|inhaler spacer|reliever dose|acute asthma treatment
VID_AD_ASTHMA_ACUTE_WHEEZE_02,After an asthma attack: preventing the next one,"Covers triggers, follow-up with doctor, need for controller medicines and when to seek emergency help next time.",AD_ASTHMA_ACUTE_WHEEZE,Breathing & chest problems,False,asthma follow up|trigger control|controller medicine|emergency plan|next attack prevention
VID_AD_BRONCHIOLITIS_INFANT_01,Bronchiolitis in babies: what parents need to know,"Explains bronchiolitis, noisy breathing, feeding difficulty and typical course of illness.",AD_BRONCHIOLITIS_INFANT,Breathing & chest problems,False,bronchiolitis|RSV baby|cold and fast breathing|wheezy baby|course of illness
VID_AD_BRONCHIOLITIS_INFANT_02,Bronchiolitis: home care and danger signs,"Shows positioning, saline drops, feeding tips and when breathing or feeding problems need urgent care.",AD_BRONCHIOLITIS_INFANT,Breathing & chest problems,False,bronchiolitis home care|saline drops|breastfeeding|fast breathing signs|when to admit
VID_AD_CROUP_01,Croup: barking cough & noisy breathing explained,"Explains what croup is, how it differs from simple cold and what treatment was given.",AD_CROUP,Breathing & chest problems,False,croup|barking cough|stridor|noisy breathing child|steroid dose
VID_AD_CROUP_02,Croup: night-time care and emergency warning signs,"Shows how to keep child calm, when to sit them upright and danger signs that need ER visit.",AD_CROUP,Breathing & chest problems,False,croup night care|keep child calm|cool air|emergency signs|blue lips|stridor at rest
VID_AD_DENGUE_CONFIRMED_01,"Dengue fever: fluids, platelet myths and home care","Explains dengue, importance of fluids, what platelet counts really mean and common myths about papaya leaf etc.",AD_DENGUE_CONFIRMED,Fever & common infections,False,dengue|platelet count|papaya leaf myth|fluids|ORS|rest at home
VID_AD_DENGUE_CONFIRMED_02,Dengue warning signs: when to go to emergency,"Shows parents danger signs like severe stomach pain, vomiting, bleeding, breathing trouble and when to reach hospital quickly.",AD_DENGUE_CONFIRMED,Fever & common infections,False,dengue warning signs|bleeding|persistent vomiting|severe pain|drowsy child|emergency
VID_AD_DIARRHEA_ACUTE_WATERY_01,Loose motions: ORS and zinc instead of antibiotics,"Explains viral diarrhea, correct ORS use, zinc and why antibiotics are usually not needed.",AD_DIARRHEA_ACUTE_WATERY,Stomach & digestion,False,watery diarrhea|loose motions|ORS|zinc|no antibiotic|viral stomach infection
VID_AD_DIARRHEA_ACUTE_WATERY_02,What to feed during diarrhea and how to prevent dehydration,"Shows practical diet examples, breastfeeding, continued feeds and early dehydration signs to watch for.",AD_DIARRHEA_ACUTE_WATERY,Stomach & digestion,False,diarrhea diet|khichdi|curd rice|continue breastfeeding|dehydration signs|thirst
VID_AD_DIARRHEA_BLOODY_01,Blood in stools: serious diarrhea needing antibiotics,"Explains dysentery, why blood in stools is serious and role of antibiotics plus ORS.",AD_DIARRHEA_BLOODY,Stomach & digestion,False,bloody stool|dysentery|blood and mucus|antibiotic for dysentery|stomach cramps
VID_AD_DIARRHEA_BLOODY_02,Bloody diarrhea: danger signs and when to admit,"Describes high-risk signs like persistent blood, severe pain and poor drinking that need hospital admission.",AD_DIARRHEA_BLOODY,Stomach & digestion,False,bloody diarrhea danger|severe abdominal pain|persistent blood|unable to drink|hospital admission
VID_AD_EAR_ACUTE_OM_01,First ear infection: pain relief and ear care,"Explains what an ear infection is, safe pain relief, correct position and ear care at home.",AD_EAR_ACUTE_OM,Breathing & chest problems,False,ear infection|ear pain|kan dard|pain relief|paracetamol|warm compress|ear care
VID_AD_EAR_ACUTE_OM_02,Ear infection antibiotics and follow-up,"Talks about antibiotic course, when ear drops are used, follow-up visit and when to worry about hearing.",AD_EAR_ACUTE_OM,Breathing & chest problems,False,ear infection antibiotic|ear drops|follow-up|hearing loss|perforated eardrum
VID_AD_FEVER_BACTERIAL_THROAT_AB_01,Sore throat / tonsillitis: what it is and how the antibiotic works,"Describes bacterial throat infection, why antibiotics are needed and what improvement to expect.",AD_FEVER_BACTERIAL_THROAT_AB,Fever & common infections,False,throat infection|tonsillitis|bacterial throat|antibiotic needed|throat pain|swollen tonsils
VID_AD_FEVER_BACTERIAL_THROAT_AB_02,"Tonsillitis antibiotic course: dose, duration and side effects","Covers full antibiotic course, common side effects, what to do if a dose is missed and why not to stop early.",AD_FEVER_BACTERIAL_THROAT_AB,Fever & common infections,False,antibiotic course|10 day treatment|missed dose|stomach upset|allergy signs|stop medicine early risk
VID_AD_FEVER_VIRAL_NO_AB_01,Viral fever & cold: why antibiotics are not needed,Explains difference between viral and bacterial infections and why simple cold and viral fever get better without antibiotics.,AD_FEVER_VIRAL_NO_AB,Fever & common infections,False,viral fever|common cold|sardi bukhar|no antibiotic|self limiting illness|immune system|antibiotic resistance
VID_AD_FEVER_VIRAL_NO_AB_02,Caring for a child with fever at home,"Shows parents how to measure temperature, give paracetamol correctly, keep the child comfortable and when to repeat the dose.",AD_FEVER_VIRAL_NO_AB,Fever & common infections,False,home care fever|paracetamol dose|temperature measurement|cold sponging|fluids for fever|when to repeat medicine
VID_AD_HEAD_INJURY_MILD_01,Mild head injury: what checks were done in hospital,"Explains what the doctor checked (consciousness, pupils, exam) and why CT scan was or was not needed.",AD_HEAD_INJURY_MILD,Safety & first aid,False,minor head injury|fell from bed|doctor check|no CT|observation advice
VID_AD_HEAD_INJURY_MILD_02,Head injury at home: observation and red-flag symptoms,"Guides parents on waking child, monitoring behaviour, vomiting and when to return urgently.",AD_HEAD_INJURY_MILD,Safety & first aid,False,head injury observation|vomiting|sleepiness|behaviour change|fits after fall|emergency signs
VID_AD_LUNG_PNEUMONIA_HOME_01,Pneumonia at home: oral antibiotics and breathing care,"Explains pneumonia diagnosis, oral antibiotic plan and simple breathing care like positioning and avoiding smoke.",AD_LUNG_PNEUMONIA_HOME,Breathing & chest problems,False,pneumonia|chest infection|oral antibiotic|home care|positioning|avoid smoke
VID_AD_LUNG_PNEUMONIA_HOME_02,Pneumonia: breathing warning signs and when to rush,"Lists red-flag breathing signs, poor feeding and lethargy that need urgent hospital visit or admission.",AD_LUNG_PNEUMONIA_HOME,Breathing & chest problems,False,pneumonia danger signs|fast breathing|chest pulling|blue lips|poor feeding|emergency visit
VID_AD_MALARIA_CONFIRMED_01,Malaria in children: diagnosis and treatment,"Explains what malaria is, test results, antimalarial medicines and how quickly fever should respond.",AD_MALARIA_CONFIRMED,Fever & common infections,False,malaria|malarial parasite|ACT|quinine|fever pattern|mosquito bite
VID_AD_MALARIA_CONFIRMED_02,Malaria: fever monitoring and when to seek urgent help,"Guides parents on keeping a fever chart, finishing medicines and red flags like confusion or breathing difficulty.",AD_MALARIA_CONFIRMED,Fever & common infections,False,malaria fever chart|finish medicines|recurrence|vomiting medicine|confusion|emergency signs
VID_AD_NEWBORN_JAUNDICE_PHOTO_01,Newborn jaundice: why phototherapy is needed,"Explains high bilirubin, what phototherapy does and why waiting at home with sunlight is risky.",AD_NEWBORN_JAUNDICE_PHOTO,Newborn & infant care,False,newborn jaundice|bilirubin high|phototherapy lights|sunlight vs phototherapy|brain damage risk
VID_AD_NEWBORN_JAUNDICE_PHOTO_02,During & after phototherapy: feeding and follow-up,"Shows eye cover use, importance of frequent feeding and repeat bilirubin tests after stopping lights.",AD_NEWBORN_JAUNDICE_PHOTO,Newborn & infant care,False,phototherapy care|eye patch|breastfeeding|repeat bilirubin|follow-up visit
VID_AD_NEWBORN_SEPSIS_01,Serious infection in newborn: why NICU and strong antibiotics,"Explains newborn sepsis, need for NICU monitoring and IV antibiotics and that parents did not cause this.",AD_NEWBORN_SEPSIS,Newborn & infant care,False,newborn sepsis|NICU|IV antibiotics|blood culture|monitoring|not parents fault
VID_AD_NEWBORN_SEPSIS_02,Caring for your baby in NICU: what to expect,"Describes tubes, monitors, kangaroo care when allowed and how parents can help.",AD_NEWBORN_SEPSIS,Newborn & infant care,False,NICU machines|monitors|IV lines|kangaroo care|parent involvement|recovery signs
VID_AD_SEIZURE_FEBRILE_SIMPLE_01,Febrile seizure: what it is and what it is not,"Explains simple febrile seizures, long-term outlook and difference from epilepsy.",AD_SEIZURE_FEBRILE_SIMPLE,Fever & common infections,False,febrile seizure|fits with fever|not epilepsy|normal development|recurrence risk
VID_AD_SEIZURE_FEBRILE_SIMPLE_02,Febrile seizure first aid & when to worry,"Demonstrates safe positioning, what not to put in the mouth and when to call ambulance or admit.",AD_SEIZURE_FEBRILE_SIMPLE,Fever & common infections,False,seizure first aid|recovery position|do not put finger in mouth|post seizure drowsiness|emergency signs
VID_AD_SKIN_BACTERIAL_INFECTION_01,"Boils & skin infections: cleaning, dressing and medicines","Shows handwashing, cleaning pus, applying prescribed cream and taking oral antibiotics correctly.",AD_SKIN_BACTERIAL_INFECTION,Skin & allergy,False,boils|skin infection|wound cleaning|antibiotic cream|oral antibiotic|hand hygiene
VID_AD_SKIN_BACTERIAL_INFECTION_02,When a boil or redness needs drainage or hospital care,"Explains spreading redness, high fever, very painful swelling and when doctor may need to drain the pus.",AD_SKIN_BACTERIAL_INFECTION,Skin & allergy,False,boil drainage|cellulitis|red hot skin|hospital admission|pus removal
VID_AD_TYPHOID_CONFIRMED_01,Typhoid fever: why treatment is long,"Explains typhoid diagnosis, how it spreads, why a long antibiotic course is needed and expected recovery timeline.",AD_TYPHOID_CONFIRMED,Fever & common infections,False,typhoid|enteric fever|long course antibiotic|unsafe water|street food|prolonged fever
VID_AD_TYPHOID_CONFIRMED_02,"Typhoid antibiotic course, diet and follow-up","Covers medication schedule, simple diet during typhoid and importance of follow-up and repeat tests when advised.",AD_TYPHOID_CONFIRMED,Fever & common infections,False,typhoid medicine|antibiotic schedule|soft diet|avoid oily food|follow-up test
VID_AD_UTI_ACUTE_01,Urine infection: what it is and why antibiotics are needed,"Explains UTI, how it is diagnosed and why a full antibiotic course is important.",AD_UTI_ACUTE,Fever & common infections,False,urine infection|UTI|burning urine|fever with no cold|antibiotic treatment
VID_AD_UTI_ACUTE_02,"UTI: antibiotic course, urine tests and prevention","Covers full course, urine culture, plenty of fluids and simple prevention steps.",AD_UTI_ACUTE,Fever & common infections,False,UTI antibiotic |urine culture|finish course|drink water|toilet hygiene|recurrence prevention
VID_AD_VOMITING_GASTROENTERITIS_01,Vomiting & gastroenteritis: giving fluids safely at home,"Shows small frequent sips, ORS preparation and when to try feeding again after vomiting.",AD_VOMITING_GASTROENTERITIS,Stomach & digestion,False,vomiting|gastroenteritis|ORS sipping|rehydration|small feeds|avoid force feeding
VID_AD_VOMITING_GASTROENTERITIS_02,Vomiting: dehydration signs and when IV drip is needed,"Explains dry mouth, reduced urine, lethargy and when IV fluids in hospital are necessary.",AD_VOMITING_GASTROENTERITIS,Stomach & digestion,False,vomiting dehydration|dry tongue|no urine|sunken eyes|IV drip|hospital visit
VID_CC_ADHD_01,ADHD: how medicines help and common concerns,"Explains what ADHD medicines do, common side effects, appetite/sleep issues and how long treatment may continue.",CC_ADHD_MED_SCHOOL,Child development & behaviour,False,ADHD medicine|stimulant|non stimulant|side effects|appetite loss|sleep issues|treatment duration
VID_CC_ADHD_02,ADHD: school plan and home behaviour strategies,"Covers classroom seating, breaks, homework structure and screen time rules that support the child.",CC_ADHD_MED_SCHOOL,Child development & behaviour,False,ADHD school plan|teacher strategies|homework routine|screen limits|positive reinforcement
VID_CC_ASTHMA_CTRL_01,Asthma: why daily controller inhaler is needed,"Explains that controller inhaler works in the background to keep lungs calm, why it is used even when there is no cough, and how it prevents attacks.",CC_ASTHMA_CONTROLLER,Breathing & chest problems,False,asthma controller|preventer inhaler|steroid inhaler|daily use|not habit forming|growth concerns
VID_CC_ASTHMA_CTRL_02,Asthma: fitting daily inhaler into school and play,"Shows how to plan morning and night doses around school, sports and exams and how to carry a reliever inhaler.",CC_ASTHMA_CONTROLLER,Breathing & chest problems,False,asthma school|sports with asthma|carrying inhaler|dose timing|exams and asthma
VID_CC_ASTHMA_PLAN_01,"Asthma action plan: green, yellow and red zones","Explains in simple terms what each zone means, which inhaler to use in each and when to shift from home care to emergency care.",CC_ASTHMA_ACTION_PLAN,Breathing & chest problems,False,asthma action plan|green zone|yellow zone|red zone|rescue inhaler|emergency signs
VID_CC_AUTISM_01,Autism: how therapies help your child,"Explains the role of speech therapy, occupational therapy and special education and realistic expectations.",CC_AUTISM_THERAPY,Child development & behaviour,False,autism therapy|speech therapy|occupational therapy|special school|realistic goals
VID_CC_AUTISM_02,Autism: building daily routine and handling meltdowns,"Shows how consistent routines, visual supports and calm responses help reduce meltdowns.",CC_AUTISM_THERAPY,Child development & behaviour,False,autism routine|visual schedule|meltdowns|sensory overload|calm response
VID_CC_CELIAC_01,Celiac disease: lifelong gluten-free diet basics,Explains which common foods contain wheat/gluten and what safe alternatives can be used.,CC_CELIAC_GFD,Stomach & digestion,False,celiac gluten free|atta|roti|bread|biscuits|rice and dal|safe foods|unsafe foods
VID_CC_CELIAC_02,Celiac disease: reading labels and avoiding hidden gluten,"Shows how to check packaged food labels and avoid hidden gluten in sauces, snacks and medicines.",CC_CELIAC_GFD,Stomach & digestion,False,hidden gluten|food labels|packaged snacks|sauces|medicines|may contain wheat
VID_CC_CHD_01,Child with heart disease: safe activity and sports,"Explains which activities are safe, what restrictions exist and how to encourage normal play within limits.",CC_CHD_STABLE,Chronic conditions,False,congenital heart disease activity|sports allowed|fatigue signs|school games|PE class
VID_CC_CHD_02,"Heart disease: follow-up visits, dental care and infection prevention","Covers importance of regular cardiology check-ups, dental hygiene and when antibiotic prophylaxis may be needed.",CC_CHD_STABLE,Chronic conditions,False,CHD follow-up|echo visits|dental care|endocarditis prophylaxis|antibiotic before dental
VID_CC_CKD_BP_01,Child with high BP / chronic kidney disease: BP and medicines,"Shows how to measure BP correctly when advised, the role of medicines and why long-term control protects the kidneys and heart.",CC_CKD_BP,Chronic conditions,False,child BP check|hypertension|BP machine|BP medicines|kidney protection|heart protection
VID_CC_CKD_BP_02,"Salt, fluids and lifestyle in child BP / kidney disease","Explains limiting extra salt, junk foods and appropriate fluid intake and activity as per doctor advice.",CC_CKD_BP,Chronic conditions,False,salt restriction|junk food|packet snacks|fluid limit|exercise advice|kidney disease lifestyle
VID_CC_ECZEMA_01,Eczema: daily moisturising and bath routine,"Shows how often to moisturise, which areas need extra care and simple bath tips to avoid drying the skin.",CC_ATOPIC_DERM_CHRONIC,Skin & allergy,False,eczema daily care|moisturiser routine|bath tips|soap choice|dry skin control
VID_CC_ECZEMA_02,Eczema flares: steroid cream and infection signs,"Explains when to start steroid cream, correct amount (finger-tip unit), duration and how to recognise infection needing doctor review.",CC_ATOPIC_DERM_CHRONIC,Skin & allergy,False,steroid cream use|finger tip unit|eczema flare|skin infection signs|pus|crusting
VID_CC_EPILEPSY_01,Childhood epilepsy: understanding the diagnosis,"Explains epilepsy in children, difference from febrile seizures, long-term outlook and why regular follow-up is needed.",CC_EPILEPSY_LONG_TERM,Chronic conditions,False,epilepsy explained|childhood epilepsy|not madness|difference from febrile seizure|prognosis
VID_CC_EPILEPSY_02,Epilepsy medicines: daily routine and missed doses,"Covers importance of daily dosing, what to do if a dose is missed, common side effects and why stopping suddenly is dangerous.",CC_EPILEPSY_LONG_TERM,Chronic conditions,False,antiepileptic medicines|AED|missed dose|side effects|abrupt stopping risk
VID_CC_GROWTH_01,Chronic illness: understanding your child's growth chart,"Explains in simple language how to read weight and height curves, and why regular plotting is important.",CC_CHRONIC_GROWTH_NUTRITION,"Feeding, nutrition & growth",False,growth chart|percentiles|underweight|stunting|tracking growth|chronic disease and growth
VID_CC_GROWTH_02,Chronic illness: high-energy diet and adding calories safely,Shows practical ways to add calories and protein to common Indian foods without forcing the child.,CC_CHRONIC_GROWTH_NUTRITION,"Feeding, nutrition & growth",False,high energy diet|calorie dense food|ghee and oil|extra snacks|protein foods|chronic illness nutrition
VID_CC_IBD_01,IBD: long-term medicines and colon health,Explains why regular medicines are needed even when symptoms are mild and why stopping on your own is harmful.,CC_IBD_CHRONIC,Stomach & digestion,False,IBD medicines|ulcerative colitis|Crohn|maintenance therapy|steroid sparing|colon protection
VID_CC_IBD_02,"IBD: nutrition, growth and school life","Covers nutrition goals, growth monitoring, attendance at school and when to inform teachers.",CC_IBD_CHRONIC,Stomach & digestion,False,IBD nutrition|growth|school attendance|toilet access|teacher awareness
VID_CC_JIA_01,Juvenile arthritis: medicines and monitoring,"Explains JIA diagnosis, the need for regular medicines, blood tests and eye checks as advised.",CC_JIA_ARTHRITIS,Chronic conditions,False,juvenile arthritis medicines|NSAIDs|DMARDs|biologics|blood tests|eye check uveitis
VID_CC_JIA_02,Juvenile arthritis: physiotherapy and staying active,"Shows simple joint-safe exercises, importance of movement and school/sports participation within limits.",CC_JIA_ARTHRITIS,Chronic conditions,False,JIA physiotherapy|joint exercises|stiffness|school sports|activity within limits
VID_CC_NEPHROTIC_01,Nephrotic syndrome: steroid course and side effects,"Explains swelling, role of steroid tablets, expected side effects like increased appetite and mood changes and why tapering must not be changed at home.",CC_NEPHROTIC_STEROIDS,Chronic conditions,False,nephrotic steroids|puffy face|weight gain|mood changes|tapering schedule|infection risk
VID_CC_NEPHROTIC_02,Nephrotic syndrome: checking urine and recognising relapse,"Demonstrates home urine dipstick use, daily weight chart and early signs of relapse.",CC_NEPHROTIC_STEROIDS,Chronic conditions,False,urine dipstick|protein in urine|daily weight|relapse signs|swelling around eyes
VID_CC_SICKLE_01,Sickle cell disease: daily care to prevent crises,"Covers hydration, avoiding extremes of cold or dehydration, folic acid and regular follow-up.",CC_SICKLE_DAILY,Chronic conditions,False,sickle daily care|pain crisis prevention|drink water|avoid extreme cold|folic acid|vaccines
VID_CC_SICKLE_02,Sickle cell crisis: danger signs and when to rush to hospital,"Explains severe pain, high fever, breathing difficulty and other signs that need urgent hospital treatment.",CC_SICKLE_DAILY,Chronic conditions,False,sickle crisis|severe pain|breathing trouble|fever in sickle|urgent admission
VID_CC_T1D_DAILY_01,Type 1 diabetes: daily insulin injections and sugar checks,"Shows insulin pen use, injection sites, blood sugar checking and keeping a simple log book.",CC_TYPE1_DIABETES_DAILY,Chronic conditions,False,type 1 diabetes daily|insulin pen|injection sites|glucometer use|sugar log book
VID_CC_T1D_DAILY_02,"Type 1 diabetes: food, school and routine","Explains meal planning, snacks, school lunch, sports and how teachers can support a child with diabetes.",CC_TYPE1_DIABETES_DAILY,Chronic conditions,False,diabetes food|carb counting basics|school lunch|sports and diabetes|teacher information
VID_CC_T1D_SICK_01,Type 1 diabetes: sick day rules,"Explains how often to check sugars, when to check ketones, adjusting insulin doses and when to go to hospital if the child is ill.",CC_TYPE1_DIABETES_SICK_DAY,Chronic conditions,False,diabetes sick day|ketones|vomiting|fever|extra sugar checks|hospital warning signs
VID_CC_T1D_SICK_02,Recognising and treating low sugar (hypoglycaemia),Shows early and severe symptoms of low sugar and how to give fast sugar and follow with snack safely.,CC_TYPE1_DIABETES_SICK_DAY,Chronic conditions,False,hypoglycaemia|low sugar signs|sweating shakiness|fast sugar|glucose|follow up snack
VID_CC_THAL_01,Thalassemia major: why regular transfusions are needed,"Explains what thalassemia is, why transfusions keep the child active and growing and why not to delay visits.",CC_THALASSEMIA_TRANSFUSION,Chronic conditions,False,thalassemia major explained|frequent transfusion|low haemoglobin|tiredness|transfusion schedule
VID_CC_THAL_02,Thalassemia: iron overload and chelation medicines,"Explains iron overload, chelation medicines, side effects and why taking them regularly protects organs.",CC_THALASSEMIA_TRANSFUSION,Chronic conditions,False,chelation|iron overload|ferritin|liver and heart protection|chelator side effects
VID_DRG_ABX_01,Antibiotic course: why you must complete it,"Explains how antibiotics fight bacteria, why stopping as soon as the child feels better is risky and how this leads to resistance.",DRG_ABX_SHORT_COURSE,Medicine use & antibiotics,False,antibiotic course|stop medicine early|antibiotic resistance|infection return|leftover medicine
VID_DRG_ABX_02,Antibiotic syrup and tablets: how to measure and give safely,"Shows how to measure syrups with a syringe/spoon, giving tablets safely, timing with food and what to do if a dose is missed.",DRG_ABX_SHORT_COURSE,Medicine use & antibiotics,False,antibiotic syrup|oral syringe|measuring spoon|tablet swallowing|dose timing|missed dose
VID_DRG_ANTIPYR_01,Paracetamol & ibuprofen: safe dose and gaps between doses,"Explains using weight-based dosing charts given by the doctor, not mixing multiple brands and keeping enough hours between doses.",DRG_ANTIPYRETIC_SAFE,Fever & common infections,False,paracetamol safe dose|ibuprofen safe dose|dose by weight|dosing interval|multiple brands same drug|overdose warning
VID_DRG_COUGH_01,Cough & cold syrups: when they are useful and when to avoid,"Explains why most combinations are not recommended in young children, age limits and when simple measures are better.",DRG_COUGH_ALLERGY_SYRUP,Breathing & chest problems,False,cough syrup risk|sedation|not for under 2 years|OTC cough medicine|simple cold measures
VID_DRG_COUGH_02,Allergy syrups (antihistamines): safe use in children,"Explains common allergy medicines like cetirizine, correct dosing, drowsiness and not mixing with other sedating syrups.",DRG_COUGH_ALLERGY_SYRUP,Breathing & chest problems,False,cetirizine|allergy syrup|dose by weight|drowsiness|mixing medicines|doctor advice
VID_DRG_INHALER_CARE_01,"Inhaler & spacer: cleaning, storage and mouth rinsing","Shows how often to clean the spacer, how to store the inhaler and why rinsing the mouth after steroid puffs reduces side effects.",DRG_INHALER_DEVICE,Breathing & chest problems,False,inhaler cleaning|spacer washing|air dry spacer|store inhaler|mouth rinse after inhaler|thrush prevention
VID_DRG_INSULIN_STORE_01,Insulin pens: storage and handling at home,"Explains which pens go in the fridge, which stay at room temperature in use, avoiding freezing and when to discard.",DRG_INSULIN_TECHNIQUE,Chronic conditions,False,insulin storage|fridge|room temperature pen|do not freeze|discard after 28 days|travel with insulin
VID_DRG_IRON_01,Iron drops & syrups: how and when to give,"Shows giving iron with a dropper or syringe, best time of day, spacing from milk and protecting teeth.",DRG_IRON_SUPPLEMENT,"Feeding, nutrition & growth",False,iron drops|teeth staining|give with juice|avoid milk|best time to give iron
VID_DRG_IRON_02,Iron medicine: common side effects and when to call,"Explains black stools and mild constipation as expected, and when severe pain or vomiting need review.",DRG_IRON_SUPPLEMENT,"Feeding, nutrition & growth",False,black stool|constipation with iron|tummy pain|vomiting iron|when to call doctor
VID_DRG_LAX_01,Laxatives for constipation: how they work and are not habit-forming,"Explains stool softeners, how they help the child pass stool without pain and why they are not addictive when used as advised.",DRG_LAXATIVE_CONSTIPATION,Stomach & digestion,False,laxative not habit forming|stool softener|PEG|lactulose|painful stool|fear of toilet
VID_DRG_LAX_02,Laxatives: how long to use and how to taper,"Discusses typical duration, combining with toilet training and diet changes, and gradual reduction rather than abrupt stopping.",DRG_LAXATIVE_CONSTIPATION,Stomach & digestion,False,laxative duration|taper slowly|toilet routine|fiber diet|water intake
VID_DRG_NEB_01,Home nebuliser: how to prepare medicine and use safely,"Shows how to set up the machine, measure neb solution as prescribed and keep the child calm during nebulisation.",DRG_NEBULISER_HOME,Breathing & chest problems,False,nebuliser set up|neb solution dose|mask fit|child calm|treatment duration
VID_DRG_NEB_02,Home nebuliser: cleaning parts and avoiding infection,"Explains washing and drying the mask/chamber, how often to change tubing and why sharing nebuliser sets between families is unsafe.",DRG_NEBULISER_HOME,Breathing & chest problems,False,cleaning nebuliser|wash mask and chamber|drying parts|change tubing|infection prevention
VID_DRG_ORS_MISTAKE_01,ORS & zinc: common mistakes to avoid,"Highlights frequent errors like using too little or too much water, adding sugar or milk, and not giving small frequent sips.",DRG_ORS_ZINC_GENERIC,Stomach & digestion,False,ORS mistakes|wrong water amount|adding sugar|big gulps vs small sips|discard after 24 hours|zinc duration
VID_DRG_STEROID_01,Short course steroid tablets: why the doctor prescribed them,"Explains common reasons for short steroid courses (wheezing, allergic reactions, nephrotic), expected benefits and why they are not habit-forming when used correctly.",DRG_ORAL_STEROIDS_SHORT,Chronic conditions,False,steroid tablets|short course|asthma attack|allergic reaction|nephrotic syndrome|not habit forming
VID_DRG_STEROID_02,Steroid tablets: side effects and why tapering matters,"Covers common side effects like mood change and appetite, why tapering schedule must not be changed at home and when to call the doctor.",DRG_ORAL_STEROIDS_SHORT,Chronic conditions,False,steroid side effects|mood changes|appetite increase|tapering|do not stop suddenly|infection risk
VID_DRG_TOPCREAM_01,Steroid & antifungal skin creams: how and where to apply,"Shows fingertip unit amount, thin layer application and using only on areas and for duration advised by the doctor.",DRG_TOPICAL_STEROID_CREAM,Skin & allergy,False,steroid cream amount|finger tip unit|thin layer|limited area|limited days
VID_DRG_TOPCREAM_02,Combination skin creams: why self-use can be harmful,Explains how strong steroid combinations can worsen fungal infections and why pharmacy advice is not a substitute for doctor review.,DRG_TOPICAL_STEROID_CREAM,Skin & allergy,False,combination cream misuse|ringworm worsening|fairness creams with steroid|chemist advice risk
VID_DRG_VITD_01,Vitamin D & calcium: correct use in children,"Explains why supplements are given, correct dose and duration and why more is not always better.",DRG_VITD_CALCIUM_MULTI,"Feeding, nutrition & growth",False,vitamin D dose|calcium syrup|bone health|rickets prevention|course duration
VID_DRG_VITD_02,Multivitamin tonics: what they can and cannot do,"Clarifies that tonics are not magic for poor appetite or growth, and the importance of real food and routine.",DRG_VITD_CALCIUM_MULTI,"Feeding, nutrition & growth",False,multivitamin syrup|health tonic|appetite stimulant myth|over the counter vitamins|real food vs tonic
VID_PV_BF_01,Exclusive breastfeeding for 6 months: what it really means,"Explains that babies need only breast milk for 6 months, no water or other feeds, and common myths around 'weak milk'.",PV_NUTR_BF_EXCL,"Feeding, nutrition & growth",False,exclusive breastfeeding|no water|no honey|colostrum|weak milk myth|only breast milk 6 months
VID_PV_BF_02,"Breastfeeding basics: positioning, latch and family support","Shows good latch and positioning, burping and how family members can support the mother instead of pushing top feeds.",PV_NUTR_BF_EXCL,"Feeding, nutrition & growth",False,breastfeeding technique|latch|position|burping|family support|top feed pressure
VID_PV_CF_01,Starting solids at 6 months: what to start with,"Covers first foods, textures, meal frequency and continuing breastfeeding alongside solids.",PV_NUTR_COMPLEMENTARY,"Feeding, nutrition & growth",False,starting solids|weaning|semi solid|khichdi|mashed fruit|3 meals a day|continue breastfeeding
VID_PV_CF_02,Safe feeding: texture progression and preventing choking,Explains how to move from mashed to soft lumps and finger foods and how to avoid common choking risks.,PV_NUTR_COMPLEMENTARY,"Feeding, nutrition & growth",False,texture progression|finger foods|choking risk|seeds and nuts|food size and shape
VID_PV_GROWTH_WELL_01,Growth chart for healthy children: how to read it,Explains percentiles and curves in simple language and why gradual tracking is more important than one weight.,PV_GROWTH_WELLCHILD,"Feeding, nutrition & growth",False,growth chart|percentiles|underweight|overweight|short child|tall child|steady growth
VID_PV_IRON_DIET_01,Iron-rich everyday foods for children,Demonstrates common Indian foods rich in iron and vitamin C that can be added to daily meals.,PV_NUTR_IRON_DIET,"Feeding, nutrition & growth",False,iron rich foods|palak|methi|ragi|jaggery|rajma|chana|eggs|meat|vitamin C for iron absorption
VID_PV_MENTAL_01,Exam stress and mood: talking to your teen,"Encourages open conversations about stress, sleep, appetite and mood and when to seek help.",PV_DEV_MENTAL_WELLBEING,Teen & adolescent health,False,exam stress|anxiety|low mood|irritability|talk to teen|counselling|when to seek help
VID_PV_PICKY_01,Picky eating: simple mealtime rules that work,"Talks about set meal times, family meals, no short-order cooking and not forcing 'just one more bite'.",PV_NUTR_PICKY,"Feeding, nutrition & growth",False,picky eater|fussy eater|mealtime rules|no force feeding|family meals|no cooking multiple dishes
VID_PV_PICKY_02,Picky eating: removing screens and reducing pressure,Shows why screens during meals and pressure/anger backfire and how to make mealtimes calmer.,PV_NUTR_PICKY,"Feeding, nutrition & growth",False,screen while eating|running after child|pressure to eat|calm mealtime|positive reinforcement
VID_PV_PUBERTY_01,Puberty: body changes for boys and girls,"Explains normal physical changes, different timing for different children and basic hygiene.",PV_DEV_PUBERTY,Teen & adolescent health,False,puberty changes|breast development|voice change|hair growth|height spurt|body odour|hygiene
VID_PV_PUBERTY_02,Periods and menstrual hygiene for teens,"Explains periods in simple language, using pads, managing pain and common myths.",PV_DEV_PUBERTY,Teen & adolescent health,False,menstruation|periods|sanitary pad|menstrual hygiene|period myths|school during periods
VID_PV_SCREENTIME_01,"Screen time rules by age – babies, toddlers and school children",Gives age-wise maximum screen time guidelines and when screens should be kept out completely.,PV_DEV_SCREEN,Child development & behaviour,False,screen time guidelines|no screen under 2|limited screen|co-viewing|digital hygiene
VID_PV_SCREENTIME_02,Practical tips to reduce screen time at home,"Suggests simple changes like screen-free meals, charging phones outside bedroom and planning offline activities.",PV_DEV_SCREEN,Child development & behaviour,False,reduce screen time|screen free meals|charging outside bedroom|offline play|family rules
VID_PV_SLEEP_01,How much sleep does my child need?,Explains age-wise sleep needs and why consistent bedtimes help behaviour and learning.,PV_DEV_SLEEP,Child development & behaviour,False,sleep requirements|bedtime|nap|school child sleep|teen sleep|overtired child
VID_PV_SLEEP_02,Bedtime routine: small steps for better sleep,"Shows a simple pre-bed routine, cutting screens before bed and creating a calm sleep environment.",PV_DEV_SLEEP,Child development & behaviour,False,bedtime routine|no screens before bed|reading|winding down|bedroom environment
VID_PV_TOILET_01,Toilet training: signs of readiness and starting gently,Explains signs that a child is ready and how to introduce the potty or toilet seat without fear.,PV_DEV_TOILET,Child development & behaviour,False,potty readiness|interest in toilet|stays dry longer|gentle toilet training|no punishment
VID_PV_TOILET_02,Toilet training: handling accidents and night-time dryness,"Covers normal accidents, avoiding shaming and realistic expectations about bedwetting.",PV_DEV_TOILET,Child development & behaviour,False,toilet accidents|do not shame|bedwetting|night dryness|plastic sheet|reward chart
VID_PV_VACC_12_18_01,"12–18 month vaccines: boosters, PCV, chickenpox and hepatitis A","Explains the purpose of booster doses and new protection against pneumonia, chickenpox and hepatitis A.",PV_VACC_12_18,Vaccines & injections,False,PCV booster|pneumococcal booster|chickenpox vaccine|varicella|hepatitis A|DTP booster 18 months
VID_PV_VACC_6_10_14_01,6–10–14 week vaccines: your baby's early protection package,Explains the main diseases covered at these visits and why several injections and drops are given together.,PV_VACC_6_10_14,Vaccines & injections,False,6 week vaccine|10 week vaccine|14 week vaccine|DTP|pentavalent|hexavalent|polio injection|Hib|PCV|rotavirus
VID_PV_VACC_9_12_01,9–12 month vaccines: measles / MMR and typhoid,"Explains MMR and typhoid vaccines, how they protect against serious infections and why these ages are important.",PV_VACC_9_12,Vaccines & injections,False,9 month MMR|12 month MMR|measles protection|rubella in pregnancy|mumps|typhoid conjugate vaccine
VID_PV_VACC_BIRTH_01,"Your newborn's first vaccines: BCG, hepatitis B and polio","Explains which vaccines are given at birth, what diseases they prevent and why they are given so early.",PV_VACC_BIRTH,Vaccines & injections,False,birth vaccines|BCG|hepatitis B birth dose|polio drops|hospital vaccine|first injections
VID_PV_VACC_BIRTH_02,After birth vaccines: what parents can expect,"Covers small lump after BCG, mild fever or soreness, how to comfort baby and when to call the doctor.",PV_VACC_BIRTH,Vaccines & injections,False,BCG scar|lump at injection site|mild fever after birth vaccine|breastfeeding for comfort|when to worry after vaccine
VID_PV_VACC_CARD_01,How to read and use your child's vaccination card,"Explains columns, abbreviations and how to find the next due date on the card.",PV_VACC_CATCHUP,Vaccines & injections,False,vaccination card|immunisation card|abbreviations BCG DPT PCV|next due date|lost card
VID_PV_VACC_CATCHUP_01,Catch-up vaccination: fixing missed or delayed doses,Shows how missed vaccines can be given later without restarting the whole schedule and why it is better late than never.,PV_VACC_CATCHUP,Vaccines & injections,False,catch-up schedule|missed vaccines|delayed doses|do not restart series|fill vaccine gaps
VID_PV_VACC_DAYCARE_01,Pain and fever after vaccines: home care,"Shows how to comfort the child, use paracetamol safely, manage swelling and when fever after vaccines is normal or worrying.",PV_VACC_6_10_14,Vaccines & injections,False,vaccine fever|pain at injection site|swelling|paracetamol after vaccine|cold sponging|when to call doctor
VID_PV_VACC_MILDILL_01,Can we vaccinate when my child has a cold or low-grade fever?,Explains when mild illness is not a reason to postpone vaccines and which situations really call for delaying.,PV_VACC_MILD_ILL,Vaccines & injections,False,vaccine with cold|runny nose|mild fever|safe to vaccinate|when to postpone|doctor decision
VID_PV_VACC_MYTHS_01,Vaccine myths from social media and family – simple facts,"Busts common myths about infertility, too many vaccines, immunity overload and 'new vaccines not tested'.",PV_VACC_MYTHS,Vaccines & injections,False,vaccine myths|infertility rumour|too many vaccines|overload immunity|new vaccine fear|WhatsApp forwards
VID_PV_VACC_SCHOOL_01,School entry boosters: protection for 4–6 year olds,Describes booster shots needed before school entry and why topping up protection is important in crowded classrooms.,PV_VACC_SCHOOL_ENTRY,Vaccines & injections,False,school entry vaccination|4 year booster|5 year booster|DTP|polio booster|MMR second dose
VID_PV_VACC_TEEN_01,Teen vaccines: HPV and tetanus / diphtheria boosters,"Explains HPV vaccine for girls and boys, Tdap/Td boosters and when they are usually given.",PV_VACC_TEEN,Vaccines & injections,False,teen vaccines|HPV|cervical cancer|Tdap booster|Td booster|age 10 years|adolescent clinic
VID_SM_COUGH_CHRONIC_MONITOR_01,Chronic cough: how to keep a simple cough diary,"Teaches parents to record timing, triggers, severity and associated symptoms of a cough lasting more than three weeks.",SM_COUGH_CHRONIC_MONITOR,Breathing & chest problems,False,chronic cough|cough diary|night cough|exercise cough|triggers|how to record
VID_SM_COUGH_CHRONIC_MONITOR_02,Chronic cough: when it may be serious and tests are needed,Explains red-flag features of long cough and outlines possible tests like chest X-ray or TB screening as advised.,SM_COUGH_CHRONIC_MONITOR,Breathing & chest problems,False,chronic cough red flags|weight loss|blood in sputum|breathlessness|chest x ray|TB test
VID_SM_EVENTS_SUSPECT_SEIZURE_01,Strange episodes: how to record events on your phone,Teaches parents to safely record suspicious spells on video and note what was happening before and after.,SM_EVENTS_SUSPECT_SEIZURE,Chronic conditions,False,suspected seizure video|episode recording|staring spells|jerks|event diary|neurologist
VID_SM_FEVER_NO_FOCUS_WATCH_01,Fever without clear focus: why we wait and watch,"Explains why many early fevers in children are viral, why the doctor has asked to wait 24–48 hours and what to monitor at home.",SM_FEVER_NO_FOCUS_WATCH,Fever & common infections,False,fever no focus|early fever|viral vs bacterial|watchful waiting|no tests yet|home observation
VID_SM_FEVER_PERSIST_NO_FOCUS_01,Persistent fever 3–5 days: when tests are needed,"Explains why tests are planned when fever continues, which tests may be ordered and why they are done step by step.",SM_FEVER_PERSIST_NO_FOCUS,Fever & common infections,False,fever not settling|fever 3 days|tests for fever|CBC|CRP|malaria test|typhoid test|stepwise tests
VID_SM_HEADACHE_RECUR_DIARY_01,Headache diary for children and teens,"Shows how to record timing, triggers, sleep, screen time and food around headache episodes.",SM_HEADACHE_RECUR_DIARY,Child development & behaviour,False,headache diary|migraine pattern|screen time|sleep issues|trigger record
VID_SM_HEADACHE_RECUR_DIARY_02,Headaches: when to worry and get urgent tests,"Explains red flags like early morning headache, vomiting, visual changes or fits that need urgent evaluation.",SM_HEADACHE_RECUR_DIARY,Child development & behaviour,False,headache red flags|morning headache|vomiting with headache|blurred vision|fits with headache
VID_SM_NEWBORN_JAUNDICE_BORDERLINE_01,Borderline newborn jaundice: home monitoring and follow-up tests,"Explains how to check baby’s colour in daylight, feeding advice and when repeat bilirubin tests are needed.",SM_NEWBORN_JAUNDICE_BORDERLINE,Newborn & infant care,False,borderline jaundice|physiologic jaundice|check in daylight|feeding often|repeat bilirubin|follow-up visit
VID_SM_OVERWEIGHT_OBESITY_RISK_01,Overweight child: lifestyle and screen / food diary,"Shows how to record junk food, sugary drinks, screen time and physical activity across the week.",SM_OVERWEIGHT_OBESITY_RISK,"Feeding, nutrition & growth",False,overweight diary|junk food record|screen time record|activity record|BMI risk
VID_SM_OVERWEIGHT_OBESITY_RISK_02,Overweight child: small changes to start with,"Suggests a few realistic first steps like cutting sugary drinks, adding short walks and reducing late-night screens.",SM_OVERWEIGHT_OBESITY_RISK,"Feeding, nutrition & growth",False,obesity prevention|small lifestyle changes|no soft drinks|evening play|less late screen
VID_SM_POOR_WEIGHT_GAIN_MON_01,Poor weight gain: keeping a simple diet and growth diary,Teaches parents to record what the child actually eats and track weight on a growth chart between visits.,SM_POOR_WEIGHT_GAIN_MON,"Feeding, nutrition & growth",False,poor weight gain|diet diary|food record|growth chart|underweight child
VID_SM_POOR_WEIGHT_GAIN_MON_02,Poor weight gain: when it may need more tests,Explains when poor growth may be due to illness and why the doctor may order blood or stool tests.,SM_POOR_WEIGHT_GAIN_MON,"Feeding, nutrition & growth",False,poor growth red flags|height not increasing|illness work-up|blood test|stool test
VID_SM_REC_ABD_PAIN_DIARY_01,Recurrent stomach pain: using a pain and stool diary,"Shows parents how to record pain timing, relation to school, stool pattern and diet to help find common causes.",SM_REC_ABD_PAIN_DIARY,Stomach & digestion,False,recurrent abdominal pain diary|school time pain|stool record|diet link|stress link
VID_SM_REC_ABD_PAIN_DIARY_02,Recurrent stomach pain: what are the danger signs,"Explains red flags like persistent vomiting, weight loss or blood in stools that need earlier investigation.",SM_REC_ABD_PAIN_DIARY,Stomach & digestion,False,abdominal pain red flags|weight loss|vomiting|blood in stool|night pain|urgent tests
VID_SM_SUSPECT_ALLERGIC_RHINITIS_TRIAL_01,Suspected allergic nose: nasal spray trial and trigger control,"Explains allergic nose symptoms, how to use nasal spray properly and simple trigger control at home.",SM_SUSPECT_ALLERGIC_RHINITIS_TRIAL,Breathing & chest problems,False,allergic rhinitis trial|nasal steroid spray|sneezing child|dust allergy|pillow and bedding care
VID_SM_SUSPECT_ASTHMA_TRIAL_THERAPY_01,Suspected asthma: inhaler trial and symptom chart,"Explains why the doctor advised an inhaler trial, how long to use it and how to fill a simple symptom and night cough chart.",SM_SUSPECT_ASTHMA_TRIAL_THERAPY,Breathing & chest problems,False,suspected asthma|trial inhaler|4 week trial|symptom chart|night cough|exercise cough
VID_SM_SUSPECT_AUTISM_SPEECH_DELAY_01,Speech and social development: early signs to watch,"Explains simple signs to watch in daily play like eye contact, response to name and sharing interest.",SM_SUSPECT_AUTISM_SPEECH_DELAY,Child development & behaviour,False,speech delay|autism early signs|no eye contact|responds to name|social smile
VID_SM_SUSPECT_AUTISM_SPEECH_DELAY_02,If you are worried about speech or social delay: what to do next,"Suggests limiting screens, encouraging interaction and when to seek developmental assessment or therapy.",SM_SUSPECT_AUTISM_SPEECH_DELAY,Child development & behaviour,False,speech delay what to do|less screen more talk|development assessment|speech therapy|early intervention
VID_SM_SUSPECT_BEHAV_ADHD_SCHOOL_01,Behaviour and school performance: what to observe at home,"Explains how to notice patterns of inattention, hyperactivity or mood at home without blame.",SM_SUSPECT_BEHAV_ADHD_SCHOOL,Child development & behaviour,False,behaviour observation|hyperactivity|cannot sit still|daydreaming|anger outbursts|home record
VID_SM_SUSPECT_BEHAV_ADHD_SCHOOL_02,Working with school: teacher reports and rating forms,"Shows how to share concerns with school, collect teacher feedback and fill rating scales for the doctor.",SM_SUSPECT_BEHAV_ADHD_SCHOOL,Child development & behaviour,False,school report|teacher feedback|ADHD rating scale|learning problems|school meeting
VID_SM_SUSPECT_DENGUE_EARLY_01,Suspected dengue: monitoring at home until tests clarify,"Describes early dengue-like illness, timing of tests like NS1 and how to monitor fever, intake and warning signs at home.",SM_SUSPECT_DENGUE_EARLY,Fever & common infections,False,suspected dengue|early dengue|NS1 timing|fever chart|fluids at home|warning signs dengue
VID_SM_SUSPECT_FOOD_ALLERGY_ELIM_01,Elimination diet for suspected food allergy – how to do it safely,"Guides parents on removing one suspected food at a time, keeping a diary and avoiding very restrictive diets.",SM_SUSPECT_FOOD_ALLERGY_ELIM,Skin & allergy,False,elimination diet|suspected food allergy|food diary|single food removal|safe trial
VID_SM_SUSPECT_FOOD_ALLERGY_ELIM_02,Food allergy: when to seek specialist testing,"Explains when persistent or severe reactions mean it is time for formal allergy tests, not repeated home trials.",SM_SUSPECT_FOOD_ALLERGY_ELIM,Skin & allergy,False,food allergy tests|when to test|skin prick|blood tests|repeated reactions
VID_SM_SUSPECT_REFLUX_INFANT_01,Suspected reflux in babies: feeding and positioning trial,"Shows practical steps like smaller frequent feeds, burping and upright holding to test if symptoms improve.",SM_SUSPECT_REFLUX_INFANT,Stomach & digestion,False,suspected reflux baby|spitting up|small frequent feeds|upright position|burping
VID_SM_SUSPECT_TYPHOID_PROLONGED_FEVER_01,Prolonged fever: suspecting typhoid and preparing for tests,"Explains why typhoid is suspected, hygiene and diet while waiting for test results and when to return urgently.",SM_SUSPECT_TYPHOID_PROLONGED_FEVER,Fever & common infections,False,suspected typhoid|prolonged fever|Widal|blood culture|safe water|street food|follow-up
VID_PV_CRADLE_CAP_INFANT_01,Cradle cap: what it is and gentle care,Explains cradle cap and gentle scalp care at home.,PV_CRADLE_CAP_INFANT,Skin & allergy,False,cradle cap care|gentle shampoo|soft brush|baby scalp flakes
VID_PV_CRADLE_CAP_INFANT_02,Cradle cap: when to worry and see a doctor,"Red flags, infection signs, and when to seek medical review.",PV_CRADLE_CAP_INFANT,Skin & allergy,False,cradle cap warning signs|infection|oozing|fever|doctor visit
VID_SM_SUSPECT_LACTOSE_INTOL_TRIAL_01,Suspected lactose intolerance: what to change now,"Short trial steps for suspected lactose intolerance after diarrhea, and safe feeding tips.",SM_SUSPECT_LACTOSE_INTOL_TRIAL,Stomach & digestion,False,lactose intolerance trial|lactose free|milk diarrhea|bloating gas
VID_SM_SUSPECT_LACTOSE_INTOL_TRIAL_02,Lactose intolerance: when to return and what to watch,"Warning signs (dehydration, blood in stool, poor weight gain) and review plan.",SM_SUSPECT_LACTOSE_INTOL_TRIAL,Stomach & digestion,False,lactose intolerance red flags|dehydration|blood in stool|weight loss
VID_PV_PRETERM_HOMECARE_01,"Preterm baby at home: feeding, warmth and routine",Daily home care for preterm/LBW babies after discharge.,PV_PRETERM_HOMECARE,Newborn & infant care,False,preterm home care|nicu discharge|kangaroo care|feeding schedule|warmth
VID_PV_PRETERM_HOMECARE_02,Preterm baby: danger signs and when to go urgently,"Urgent warning signs for preterm babies: breathing pauses, poor feeding, temperature problems, infection signs.",PV_PRETERM_HOMECARE,Newborn & infant care,False,preterm danger signs|apnea|poor feeding|hypothermia|fever
VID_PV_DEV_SPEECH_LANGUAGE_01,Speech & language milestones: what to expect,Age-appropriate speech and language milestones and variability.,PV_DEV_SPEECH_LANGUAGE,Child development & behaviour,False,speech milestones|language milestones|toddler talking|normal development
VID_PV_DEV_SPEECH_LANGUAGE_02,Speech delay: home activities and when to seek help,Practical home activities and red flags that need developmental review/early intervention.,PV_DEV_SPEECH_LANGUAGE,Child development & behaviour,False,speech delay red flags|early intervention|hearing check|autism screening
VID_PV_VACC_FLU_01,Flu vaccine for children: benefits and timing,"Why annual flu vaccination matters, who should consider it, and timing before flu season.",PV_VACC_FLU,Vaccines & injections,False,influenza vaccine children|flu shot benefits|annual vaccination|timing
VID_PV_VACC_FLU_02,Flu vaccine: common questions and side effects,"Answers common parent questions: safety, side effects, and what to do after vaccination.",PV_VACC_FLU,Vaccines & injections,False,flu vaccine side effects|fever after vaccine|soreness|safety
VID_AD_ANIMAL_BITE_RABIES_01,Dog or cat bite: first aid you must do now,Immediate wound washing and do-now steps after animal bite/scratch.,AD_ANIMAL_BITE_RABIES,Safety & first aid,False,animal bite first aid|wash wound 15 minutes|soap water|dog bite
VID_AD_ANIMAL_BITE_RABIES_02,Rabies prevention after bite: vaccines and danger signs,"Explains rabies vaccine plan at a high level and urgent signs (deep wounds, face bites, infection signs) needing urgent care.",AD_ANIMAL_BITE_RABIES,Safety & first aid,False,rabies vaccine schedule|rabies immunoglobulin|bite danger signs|infection
VID_SM_AIR_POLLUTION_RESP_01,Air pollution and kids: reducing exposure,"Practical steps to reduce pollution exposure (indoors, activity timing) for children.",SM_AIR_POLLUTION_RESP,Breathing & chest problems,False,air pollution kids|aqi|pm2.5|indoor air|mask|activity timing
VID_SM_AIR_POLLUTION_RESP_02,Pollution days: cough/wheeze warning signs,"When cough, wheeze, or breathlessness needs medical review during high AQI days.",SM_AIR_POLLUTION_RESP,Breathing & chest problems,False,pollution cough wheeze|breathing distress|asthma flare|urgent signs
VID_DRG_POST_VIRAL_RECOVERY_01,"After COVID, Regain Strength","Post-COVID child – fatigue, recurrent minor infections – micronutrient & zinc supplementation counselling: how to take the course, realistic expectations and red flags.",DRG_POST_VIRAL_RECOVERY_SUPP,Fever & common infections,False,after covid|post covid|post viral|fatigue|tired|recurrent infections|zinc|micronutrient|multinutrient|poor appetite|recovery
VID_DRG_FIRST_1000_DAYS_MICRO_01,"Strong Start in 1,000 Days","Infant/Toddler – growth or feeding concerns – first-1000-days micronutrient drops/syrup counselling: how to give, what to expect, and food-first tips.",DRG_FIRST_1000_DAYS_MICRO,"Feeding, nutrition & growth",False,1000 days|micronutrient drops|vitamin drops|mineral syrup|infant|toddler|growth|feeding|poor weight gain|complementary feeding
VID_DRG_PRETERM_LBW_IMMUNE_SUPPORT_01,Protecting Your Newborn’s Immunity,"Newborn / preterm / LBW – zinc or multinutrient drops for immune support & vaccine responsiveness: how to give, adherence and safety.",DRG_PRETERM_LBW_IMMUNE_SUPPORT,Newborn & infant care,False,newborn immunity|preterm|LBW|zinc drops|multinutrient drops|vaccine response|immune support
VID_DRG_PRETERM_LBW_IMMUNE_SUPPORT_02,Steps to Prevent Chest Infections,"Preterm/LBW / recurrent LRTI infant – long-term zinc–multinutrient prophylaxis & home prevention counselling: daily routine, triggers, and warning signs.",DRG_PRETERM_LBW_IMMUNE_SUPPORT,Newborn & infant care,False,prevent chest infections|recurrent LRTI|preterm|LBW|zinc prophylaxis|multinutrient|home prevention|NICU baby
VID_DRG_ZINC_MULTIMINERAL_SUPPORT_01,Help Your Child Heal Faster,"Poor wound healing / frequent fractures / dermatoses – copper–selenium–zinc multinutrient supplementation counselling: how to take, what else helps, and when to re-check.",DRG_ZINC_MULTIMINERAL_SUPPORT,"Feeding, nutrition & growth",False,wound healing|fractures|skin problems|zinc|copper|selenium|multimineral|multinutrient|nutrition gaps
VID_DRG_ZINC_MULTIMINERAL_SUPPORT_02,Why Food Has No Taste?,"Picky eater / ageusia / low appetite – zinc supplement for taste & appetite improvement: how to give, timelines and food-first tips.",DRG_ZINC_MULTIMINERAL_SUPPORT,"Feeding, nutrition & growth",False,no taste|ageusia|picky eater|low appetite|underweight|zinc syrup|taste improvement|appetite
VID_DRG_TEEN_STRESS_MICRONUTRIENT_01,When Exams Kill Appetite,"Adolescent – academic stress with reduced intake – micronutrient (including zinc) supplement & lifestyle counselling: sleep, meals, screen breaks and red flags.",DRG_TEEN_STRESS_MICRONUTRIENT,Teen & adolescent health,False,exam stress|teen|poor appetite|fatigue|micronutrient|zinc|multinutrient|sleep|burnout|frequent infections
VID_DRG_ORS_ADVANCED_01,Right Drinks During Diarrhoea,"Acute diarrhoea – taurine/zinc-fortified ORS or advanced ORS – preparation, dosing & adherence counselling and what drinks to avoid.",DRG_ORS_ZINC_GENERIC,Stomach & digestion,False,diarrhoea|diarrhea|ORS|advanced ORS|fortified ORS|zinc ORS|taurine ORS|vomiting|mixing|dose|small sips|avoid soft drinks|sports drinks
VID_DRG_HYDRATION_SICK_CHILD_01,Safe Fluids When Fever Strikes,"Febrile child – hyponatraemia risk – home hydration, ORS use & seizure prevention counselling: what to give and what to avoid.",DRG_HYDRATION_SICK_CHILD,Fever & common infections,False,fever|hydration|ORS|hyponatremia|low sodium|too much water|febrile seizures|safe drinks|home fluids
VID_DRG_HYDRATION_SICK_CHILD_02,Sports Drinks in Fever?,Hydration counselling – differentiating sports drink use in exercise vs febrile/illness states in children; choosing ORS or simple home fluids instead.,DRG_HYDRATION_SICK_CHILD,Fever & common infections,False,sports drinks|energy drinks|fever|sick child|diarrhea|vomiting|ORS|electrolyte drink|exercise vs illness|hydration advice
